,skill
java,6550
javascript,3936
sap hana,3203
agile,2509
python,2472
sql,2436
problem solving,2427
sap abap,2374
scrum,2186
linux,2109
communication,2046
english,1974
css,1822
s/4hana,1808
html,1792
cloud,1768
git,1747
devops,1635
c++,1547
jenkins,1452
html5,1444
web,1393
aws,1351
unix,1329
sap successfactors,1295
c,1261
docker,1229
machine learning,1220
agile development,1168
sap ariba,1123
kubernetes,1118
ui,1107
analytical,1084
data structures,1042
communication skills,995
azure,993
sap fiori,992
saas,983
jquery,971
odata,960
rest,896
algorithms,876
database,860
oracle,844
sap hybris,806
perl,798
team player,786
sap cloudfoundry,784
programming,779
j2ee,760
spring,742
erp,740
ci,736
windows,733
web services,707
xml,704
software development,702
design,699
ruby,679
sap cloud platform,664
test driven development,662
hadoop,635
databases,630
node.js,618
coding,600
mysql,592
german,585
github,582
jira,581
ui5,578
chef,554
automation,548
tomcat,544
test automation,540
gcp,538
tcp,532
continuous integration,524
maven,519
angularjs,517
testing,514
design patterns,501
cd,501
test,499
bash,495
puppet,479
ux,478
react,477
shell,449
go,449
iot,448
scripting,441
development,439
angular,439
sql server,436
debugging,422
json,421
sapui5,421
programming skills,414
sap ui5,414
object oriented programming,411
ip,411
ios,400
openstack,396
networking,394
java script,392
analytical skills,389
dns,388
web applications,377
sap cloud,375
crm,371
integration,370
sap netweaver,366
ansible,365
agile software development,356
tdd,356
project management,355
nosql,353
collaboration,353
android,353
rdbms,346
kafka,343
sap s,342
iaas,341
self motivated,337
virtualization,330
sap hana cloud,328
presentation,326
excel,326
db2,326
junit,322
analytical thinking,322
soap,318
relational database,317
hibernate,317
nodejs,317
oop,316
itil,315
ajax,314
spark,313
http,308
css3,308
splunk,306
s/4 hana cloud,305
agile scrum,300
automated testing,299
scala,296
kanban,295
hcm cloud,295
selenium,293
spring boot,289
vmware,285
analytics,283
self starter,275
work independently,274
lean,274
microservices,273
scripting languages,269
web technologies,268
powershell,267
powerpoint,267
skills,267
relational databases,263
quality assurance,262
google cloud,259
jsp,255
paas,254
eclipse,254
shell scripting,252
sybase,250
design thinking,248
apache,246
continuous delivery,240
self motivated can do attitude,238
performance tuning,237
web development,235
golang,233
security,231
architecture,230
gerrit,228
load balancing,227
postgresql,226
performance testing,225
programming languages,223
r,223
documentation,220
microsoft azure,215
management,215
pl,214
jvm,213
mongodb,212
agile methodologies,212
unit testing,209
micro services,207
sap erp,206
sap concur,204
rest apis,201
written communication,201
javascript framework,200
software design,200
big data,198
jdbc,198
js,197
qa,197
artificial intelligence,196
objective c,194
ai,191
perforce,191
jboss,190
word,188
.net,187
elasticsearch,186
relational,186
web servers,183
php,183
verbal communication,183
spring framework,182
multi task,182
verbal,182
ooad,181
web application servers,181
scripting language,181
redis,179
customer focus,179
api,178
proactive,175
hana database,174
ml,174
jee,174
cloud platform,173
swift,170
oo,168
cloud computing,167
typescript,167
subversion,167
web application,166
cds,162
interpersonal skills,162
containers,161
hana cloud platform,160
business,158
code reviews,158
problem solving skills,157
principles of oo design,155
self driven,155
oo design,155
tensorflow,153
sd,152
apis,152
s/4hana finance,151
written,151
software architecture,151
cloud applications,151
terraform,150
os,149
jms,148
data modeling,147
configuration management,147
jpa,146
hive,144
software,144
mvc,143
code,142
container,142
uml,141
bootstrap,141
redhat,141
hbase,141
struts,140
containerization,139
presentation skills,139
deep learning,139
ariba cloud,138
troubleshooting,137
soa,137
groovy,137
english language,136
build,136
scp,135
ssl,135
swagger,134
written and verbal communication skills,134
zabbix,134
cassandra,134
mssql,132
hcp,131
bdd,129
confluence,129
operating systems,129
google cloud platform,129
amazon web services,128
critical thinking,128
verbal and written communication skills,128
cloud development,128
rest api,128
sans serif,127
data science,127
unit tests,126
develop,125
redux,125
agile project delivery,125
firewall,124
sql databases,124
java ee,124
photoshop,122
hcm,122
centos,121
blockchain,121
network,121
xp,120
english communication,120
sketch,120
query optimization,119
test cases,119
open minded,119
innovation,119
ldap,119
quick learner,118
product management,117
writing,117
goal oriented,116
ui frameworks,116
cisco,116
ase,116
multi threading,116
unit test,115
consulting,115
agile software engineering,114
c#,113
application development,112
decision making,112
mtech,112
illustrator,111
tco,111
nlp,111
db,110
jmeter,110
sap crm,110
ruby on rails,108
user interface,108
restful apis,107
idoc,107
database design,106
ant,106
analysis,106
data,106
sap,105
svn,105
saas cloud,105
suse,104
ms sql,104
sap hana vora,104
outlook,104
data mining,103
encryption,103
agile software,103
cs,103
maxdb,102
memory management,102
teamcity,102
btech,102
fi,102
relational database system,101
business english,100
dynatrace,100
hdfs,99
object oriented,99
persistence,98
ood,98
dbms,97
sdlc,97
problem,97
orm,96
frontend,96
rabbitmq,96
firewalls,96
query processing,96
data visualization,95
visio,95
e2e,94
nagios,94
distributed systems,93
kibana,93
programming language,93
mm,93
servlets,92
amazon,92
cloud technologies,91
restful,91
and,91
sql queries,91
version control systems,90
iso,90
dhtml,90
communication and presentation skills,90
cloud platforms,89
leadership,89
cissp,89
integrity testing,89
open source,88
sdn,88
clustering,88
root cause analysis,87
interaction design,87
strategic thinking,87
alicloud,87
self motivation,87
solr,87
process,86
itsm,86
performance,86
power of innovation,86
bopf,86
odata services,85
nginx,85
gradle,84
owasp,84
graphql,84
apache tomcat,84
cloud solutions,84
designing,83
business processes,83
server,83
java programming,83
nas,83
technical,82
weblogic,82
pingdom,82
time management,82
iis,81
salt,81
servlet,81
concurrency control,81
http protocol,81
mac,80
ui development,80
interpersonal,80
solaris,80
delivery,80
visual design,80
statistics,79
microsoft,79
scm,79
customer,79
written communication skills,79
microsoft office,79
ale,79
https,78
code review,78
webdynpro,78
spring reactor,78
testng,78
messaging,78
consensus building,77
caching,77
oral,77
elk,76
principles,76
natural language processing,76
ospf,76
web based applications,76
npm,76
pci,76
xen,75
nosql databases,75
operations,75
file systems,75
sql scripting,75
data management,75
s3,75
nfs,74
implementation,74
pocs,74
spinnaker,74
source control systems,74
ms,74
web application development,73
kpis,73
postgres,73
data analysis,73
oauth,73
aix,73
dita,73
yaas,72
cloud infrastructure,72
spring hibernate,72
ubuntu,72
gdpr,72
ccna,72
self motivating,71
bamboo,71
backend,71
sap analytics cloud,71
computer vision,71
self confidence,71
bi,70
oo programming,70
srm,70
flexible,70
fortify,70
sap business suite,70
